bids_id,age_range,attitude_towards_hypnosis,country_of_residence,description_type_1,description_type_2,description_type_3,description_type_4,effective_of_hypnoanalgesia,expectancy_1,expectancy_2,expectancy_3,expectancy_4,experiences_freetext_1,experiences_freetext_2,experiences_freetext_3,experiences_freetext_4,felt_discomfort,felt_discomfort_free_description,gender,hypnosis_depth_1,hypnosis_depth_2,hypnosis_depth_3,hypnosis_depth_4,knowledge_level_on_hypnosis,knowledge_source,knowledge_source_other,language,motivation_to_get_hypnotized,prefered_procedure,procedure_type_1,procedure_type_2,procedure_type_3,procedure_type_4,suspected_control,suspected_real_hypnosis,which_real_hypnosis,which_real_control,tried_hypnosis_before,tried_hypnosis_before_for_pain
1,18 - 24,2,Magyarorszag,hypnosis,control,hypnosis,control,5,6,2,6,2,"kellemes volt, neha kicsit olyan, mintha almodnek. Teljesen random gondolatokat lattam magam elott, peldaul a legzesemmel azonos tempoban fel/le mozgo lotuszviragot.","Eleinte gyakran ereztem ugy, hogy nyilna a szemem, de kis ido mulva teljesen nyugodtnak erezytem magam, szinte akar el is tudtam volna aludni. A testem teljesen relaxalt allapotban volt, a vegtagjaim poziciojat nem tudtam volna megallapitani.","A testemrol szinte semmit nem tudok, azt ereztem, hogy sikerult ellazulni. Ismet alomszeru kepeket lattam magam elott, legfokepp olyan szemelyekkel, dolgokkal kapcsolatban, akikkel mostansag lesz kapcsolatom, talalkozom veluk stb. Teljesen elfelejtettem, hogy hol vagyok, mintha otthon az agyamban fekudtem volna.","Relaxalt voltam ugyan, de az eddigiek kozul most voltam a legkevesbe jelen a nyugalmi allapotomban. Ez az elmelyult allapot tunt a leghosszabbnak.",No,,Female,6,7,8,1,1,Heard/read about it on the internet;,,hun,6,whitenoise,whitenoise,relaxation,confusion,embedded,No,Yes,whitenoise,,No,No
2,18 - 24,4,Magyarország,control,hypnosis,hypnosis,control,8,2,8,7,2,Olyan volt mintha meditáltam volna. Jól esett csendben lenni és valóban el voltam lazulva. ,"Nem éreztem magamat hipnózisban. Ugyan olyan volt mint az előző alkalommal, csak relaxált voltam. Kicsit elálmosodtam.","Nagyon nyugodt és relaxált állapotban voltam. Mintha nem gondolnék semmire, de nem tűnt hppnotikus állapotnak. ",Most voltam a legkevésbé relaxált állapotban. A zaj inkább zavaró volt mind meditáló hatású. Nem voltam nyugodt állapotban  mint a másik 3 esetben. Ásítottam egyszer.,No,,Female,1,0,1,0,5,Heard/read about it on the internet;,,hun,10,embedded,relaxation,confusion,embedded,whitenoise,Yes,Yes,confusion,relaxation,No,No
3,18 - 24,3,Magyar,hypnosis,hypnosis,control,control,3,5,3,3,2,"Igyekeztem ellazítani magam és befele figyelni a gondolataimra, érzéseimre. A hipnózis alatt lehet álmodtam is, de nem tudom teljesen elválasztani ezek valódi \álomképek\"" voltak vagy csak a saját emlékeim gondolataim. ""","Először a zúgás járt a fülemben ami először nagyon idegesítőnek tűnt, aztán arra próbáltam koncentrálni, hogy azt képzelem ez csak a szél hangja. Így már kellemesebb volt a hang. Szerintem az előző változathoz képest ez kevésbé volt számomra hatásos módszer. Jobban szeretem ha a relaxált állapotot vagy csendben vagy beszéd mellett tudom elérni. ","Az eddigi módszerek közül egyértelműen ez volt az amelyben a legkevésbé  mélyültem el. A sapka kicsit kényelmetlen és a nyakam kezd fájni, és nehezebben tudtam koncentrálni.  Az eddigiekhez képest kevesebb kép/gondolat jött elő a relaxáció alatt. ","Most nem éreztem, hogy a hipnózis bármilyen hatással lenne rám, magamat láttam kívülről ahogy ülök a szobában. Általában szeretem amikor a relaxáció során végigveszik hogy milyen testrészt lazítsunk el, ez a rész kifejezetten tetszett viszont amikor csendben ültem valamiért nem tudtam elvonatkoztatni a helyzettől, a sapkától a fejemen stb.",Yes,"Bizonyos esetekben elképzelhetőnek találom, illetve az eddigi tapasztalataim alapján azt gondolom hogy számomra sokkal könnyebben és hatékonyabban megy a relaxáció ha nem ülve kell azt végeznem de ez nem nagyon nagy kellemetlenség inkább csak megjegyzés",Female,7,3,1,0,1,"Heard/read about it on the internet;Heard/read about it on radio, podcast;",,hun,8,confusion,confusion,whitenoise,embedded,relaxation,Yes,No,confusion,relaxation,No,No
4,25 - 34,0,Magyarország,control,hypnosis,hypnosis,control,5,5,5,5,5,"Olyan volt mintha meditáltam volna, az idő rövid volt hozzá így nem tudtam teljesen alfa módba kerülni. Összeséggében azért kitudtam kapcsolódni.","Teljesen ébernek éreztem magam aközben is. Mivel előzőleg beszélt a terapeuta egy olyan témáról ami nem igazám érdekelt, így elkezdtem gondolatban másról elmélkedni és kevésbé figyeltem a terapeutára, emiatt nem tudtam kikapcsolni és végig miközben csendben kellett ülni azon elmélkedtem mikor lesz vége ennek a szaksznak.","Az elején egy ideig olyan érzésem volt mintha aludtam volna, majd jött félidőnél a felébredés élménye. Onnantól már kezdtem egyre éberebnek érezni magam, noha elvileg még elmélyült állapotban kellett volna lennem.","Azt éreztem, hogy nem tudtam ellazulni, próbáltam nem gondolni semmire, de csak még több gondolat jött és tulajdonképpen a szememet is kiynitottam és vártam a végét.",No,,Female,6,0,7,0,2,Heard/read about it on the internet;,,hun,7,relaxation,whitenoise,embedded,relaxation,confusion,Yes,No,embedded,whitenoise,No,No
5,45 - 54,3,Magzar,control,hypnosis,control,hypnosis,8,4,6,5,7,"Par masodperc alatt elaludtam, legalabbis ugy ereztem, hogy elaludtam, es rogton fel is ebredtem.
Ezutan befele figyeltem, nyugodt voltam.
Zavaro volt, hogy a feladat leirasban az volt, hogy ez nem hipnozis, az instrukciokat ado , pedig, mintha tobbszor azt mondta volna, hogy hipnozisban vagyok.
Erre figyeltem kozben, nem a teljes elmelyulesre.","Egy ideig az volt a gondolatom, hogy nem vagyok hipnozisban.
Egyszercsak nagyon hirtelen ellazultam es nagyon nyugodt lettem. 
Olyan fenyes erzes volt.
Regi emlekek jottek kepek formajaban.
Illetve egy mar eltavozott szerettem jelent meg.
:rdekes ;s j= volt.","Kicsit hosszunak tunt es unalmasnak ez az ido.
Ismet zavaro volt, hogy nem volt egyertelmu, hipnozisban vagyok e, vagy sem.","Mar a bevezeto szoveg alatt is, es az elmelyult allapot idoszakaban is tobbszor elaludtam.
Egy ideig ugy ereztem pihenteto a gyakorlat, aztan nagyon szomjas lettem, es vartam, hogy vege legyen.
Talan most voltam a legmelyebb allapotban.",No,,Female,4,7,5,8,4,"Read book(s) about it;Heard/read about it on the internet;Heard/read about it on radio, podcast;",,hun,7,confusion,relaxation,whitenoise,embedded,confusion,No,No,whitenoise,embedded,No,No
6,18 - 24,4,Magyarország,control,hypnosis,control,hypnosis,6,7,9,7,5,"Kellemes élmény volt, figyeltem hogy merre kalandoznak a gondolataim, de közben nyugodt maradtam.","Elálmosodtam, sokat ásítottam. Ugyanakkor arra számítottam, hogy a figyelmem vezetésével, ill. a visszaszámolással jobban el fogok tudni lazulni, ez annyira nem valósult meg mint amire számítottam, de kellemes érzés volt.
(Enyhén elkezdett fájni a fejem.)","Lényegesen kevésbé éreztem magam ellazulva mint az előző 2 alkalommal, az ismeretterjesztő szövegre figyeltem, utána mindenfelé kalandozott a figyelmem, ezalatt éberebbnek érzékeltem magamat az előzőekhez képest.
Ugyanakkor továbbra is sokat ásítozom, ill. kissé fáj a fejem.","A zaj eleinte tengerparti hullámzásra emlékeztetett, de egy idő után zavaróvá vált a monotonsága, majd miután megszokta a fülem, ismét kellemes érzést adott. A hipnózis indukció után nagyon relaxáltnak éreztem magam, kevésbé kalandoztak el a gondolataim mint előző esetekben, inkább csak \a jelenben pihentem\"". Álmosság-érzet enyhe fejfájás.""",Yes,Fejfájás,Female,5,5,2,7,5,"Read scientific literature about hypnosis;Heard/read about it on the internet;Heard/read about it on radio, podcast;",,hun,10,whitenoise,confusion,relaxation,embedded,whitenoise,No,Yes,whitenoise,confusion,No,No
7,18 - 24,1,Magyarorszag,control,hypnosis,control,hypnosis,6,0,9,0,9,"Nagyon nyugodt, relaxalt, kipihenteto elmeny volt. Ugy ereztem, hogy sikerult kizarni a kulvilagot es befele figyelni","Ez a technika hatasosabbnak bizonyult szamomra az elozonel. Sokkal kipihentebbnek, felfrissultnek eryem magamat, maximalisan a gondolataimba tudtam melyedni. A feherzaj technika engem az ocean megnyugato hangjara emlekeztetett.","Nyugodtnak ereztem magamat, sikerult ellazulni.  Ez a technika szamomra hatasosabbnak bizonyult mint a legelso nem hipnotikus eljaras. Itt a beszedet monotonabbnak iteltem meg, segitett a kulvilag kizarasaban.","Ellazultnak ereztem magamat, itt is segitett a kikapcsolodasban, azonban ugy erzem a feherzaj technika hatasosabbnak biyonzult szamomra, hamrabb el tudtam erni a relaxalt allapotot.",Yes,Az EEG sapka a kiserlet vegere kisse nzomta a fejtetomet.,Female,2,8,1,7,4,Heard/read about it on the internet;,,hun,8,whitenoise,confusion,whitenoise,embedded,relaxation,No,Yes,relaxation,confusion,No,No
8,18 - 24,1,Magyarország,control,hypnosis,hypnosis,control,3,2,7,8,3,"Nagyon elálmosodtam, kis álomképeim voltak. A kézfejeimet nem éreztem, ez jó érzés volt.","Sokkal kevésbé éreztem magam lazának, mint a fehér zajos módszernél.Nem éreztem egyik végtagomnál sem azt az érzést, mint a fehér zajosnál.","Nagyon el tudtam merülni, alig éreztem a testem. Talán a lebegés írja le jól azt az érzést amit éreztem. Kellemes érzés.","Éreztem, hogy néha meg-megbiccen a fejem, nem szándékosan. Nagyon ellazultnak éreztem magam, váltakozó álomképek is meg-megjelentek",No,,Female,2,1,6,6,2,,,hun,8,relaxation,whitenoise,embedded,relaxation,confusion,Yes,No,embedded,confusion,No,No
9,18 - 24,2,Magyarország,hypnosis,hypnosis,control,control,7,8,9,7,5,"Először nem tűnt hatásosnak, ugyanazt véltem érezni, amit egy meditációs gyakorlat során. Kis idő elteltével azonban érzékeltem, hogy a testem sokkal nyugodtabb, ellazultabb, mint bármikor máskor, kifejezetten súlytalannak éreztem magam. Először a lábam, aztán a karjam, végül az arcizmaim is könnyednek, lazának tűntek. Azonban a gondolataim nem szűntek meg áramlani, az figyelmem nem összpontosult csak erre a laza állapotra. Összefoglalva tehát úgy éreztem, a testemre, izmaimra hatott ez az állapot, de az elmémre, mentális folyamataimra kevésbé, bár hozzáteszem, kifejezetten érdekes volt, hogy tényleg abban a pillanatban nyitottam ki a szemem, mikor a \hang\"" kimondta ezt az utasítást.""","Kifejezetten kellemetlen élményt tapasztaltam a fejemben. Mintha blokkolva lett volna valami, nem tudna felszínre törni. Azt éreztem, a \tudatom\""(?) valamibe beleütközik mikor cselekedni akar. Nagyon kényelmetlen és frusztráló érzés volt számomra ezért addig próbálkoztam amíg sikerült végre kizökkennem belőle - kinyitottam a szemem egy pillanatra. Körülbelül 1-2 perc lehetett mire ez valóban sikerült. Nem volt jó ezt érezni hogy nem tudok irányítani...""","Nem éreztem elmélyült, módosult állapotot. De az előtte levő, izmokról szóló szövegre koncentráltan tudtam figyelni, és ez a koncentráltság, úgy éreztem, megmaradt. Kicsit ezt felhasználva a testemre irányítottam a figyelmem. Végig tudatosnak éreztem azt, amit csinálok - gondolok -, úgyhogy ez csak egy kellemes összpontosítás volt számomra.","Ha nem tudnám, hogy ez nem hipnózis volt, azt hinném, hogy hipnózis volt. Teljesen ellazultam, elernyedt a testem. A gondolataimat sikerült gyorsan elhesegetnem, nyugalomban voltam. Mély, pihentető állapot volt ez, talán az alváshoz hasonló.",Yes,Enyhe rosszullétet (közérzetromlást) a második után.,Male,7,9,2,9,4,Read scientific literature about hypnosis;,,hun,8,whitenoise,whitenoise,confusion,embedded,relaxation,Yes,Yes,confusion,relaxation,No,No
10,18 - 24,2,Magyarország,control,hypnosis,hypnosis,control,9,0,4,4,0,"Egy meditációhoz, vagy elalvás előtti állapothoz hasonlított az érzés.","Nyugodtabb állapot volt, mint a kontroll kísérletben. Olyan volt, mintha már majdnem elaludnék, de nem éreztem magam álmosnak közben.","Nem éreztem semmi különöset, olyan volt, mint az előző hipnózisnál.","Nyugodtabb voltam, mint az első kontroll kísérletnél (pontosabban voltak nyugodtabb időszakok).",No,,Female,0,3,3,0,6,Heard/read about it on the internet;Other;,Agimnáziumban tanultam róla egy keveset.,hun,5,whitenoise,relaxation,whitenoise,confusion,embedded,No,Yes,whitenoise,embedded,No,No
11,18 - 24,3,Magyarország,hypnosis,control,control,hypnosis,6,5,3,2,7,"Úgy érzem, teljes mértékben sikerült ellazulnom és egy más tudatállapotba kerülnöm. Nem csupán egy pihenés volt, hanem egy elmélyülés, amit kifejezetten élveztem.","Az utóbbi pár percben úgy érzem, inkább relaxáltam, mint elmélyült tudatállapotba kerültem. A végére sikerült ellazulnom és az éber-mély tudatállapot között voltam.","Talán most voltam a legelmélyültebb tudatállapotban. A testem teljesen ellazult és éreztem a \""lebegést\"". Sikerült teljesen kizárnom a külvilágot és elmélyülni a saját, békés gondolataimban.","Az ún. fehér zajt először erősnek, hangosnak éreztem, de egy idő után hozzászoktam, sőt, segített az elmélyülésben. Olyan volt, mint egy erős nyári zápor, ami hozzájárult az ellazuláshoz.",No,,Female,7,3,8,7,5,Heard/read about it on the internet;,,hun,9,confusion,confusion,embedded,relaxation,whitenoise,No,Yes,whitenoise,relaxation,No,No
12,18 - 24,5,magyarország,control,hypnosis,hypnosis,control,10,3,8,7,6,"kényelmetlen a pozíció, fekve biztosan hatásosabb lenne. kellemetlenséget éreztem a nyakam jobb oldalán, valószínű a sapka nehézsége miatt. azt éreztem közben, hogy haladhatnánk már az izgalmasabb részre és azt, hogy nevetséges ilyen gyorsan \hipnózisba\"" kerülnifőleg egy pörgős nap után. túl hosszúnak éreztem a csendben töltött időtezáltal könnyen elkalandoznak a gondolatok. legalábbis az enyémek. sajnos a nyakfájdalom elvonta a mélyebb fókusztez okozta a legnagyobb problémát. ""","lehet, hogy elkerülte a figyelmem, de én nem hallottam, hogy mondta volna, hogy csukjam be a szemem... szóval nem igazá éreztem semmit. unalmas volt a szöveg. elnézelődtem és megint azt vártam, hogy érjünk a hatásosabb részhez végre. ","na végre! ez volt eddig a leghatásosabb. a  beszéd résznél is egész jól működött a dolog, aztán amikor csend lett, megint jött egy gondolat, hogy jaj, minek, de végül pont az volt a legjobb rész, mert kezdtem azt érezni, hogy mindjárt elalszom. nem is volt kedvem kinyitni a szemem, ez mehetett volna tovább is. emberünk beszéde egyébként hagy némi kivetni valót maga után.. fura. meg van egy rész, ahol kétszer mondja a szót, azt kivághatták volna, mindig feltűnik. a hangja sem az a tipikus megnyugtató fajta, de ez lehet, hogy csak az én szubjektív véleményem. mindenesetre összességében ez a rész esett a legjobban. ","ez is jó volt. először meglepődtem a fehérzaj hangerején, meg kicsit durvának tűnt, de szép lassan átváltott egy kellemes érzésre. olyan volt, mint egy vízesés. jól el tudtam mélyülni benne a végére, mehetett volna tovább, megint hirtelen jött a csend, de később azt is megszoktam és belekényelmesedtem, tudtam volna aludni megint. az előzőnél elfelejtettem írni, de sokat segített, hogy lejjebb csúsztam a széken. emberünk beszéde még mindig kissé zavaró, de lényegtelen. összességében ez is jóleső élmény volt. ",Yes,"korábban megírtam, de tulajdonképpen az első után már nem észleltem a nyakfájdalmat olyan feltűnően. ",Female,0,0,7,6,8,Read book(s) about it;Heard/read about it on the internet;,,hun,10,confusion,relaxation,embedded,confusion,whitenoise,Yes,Yes,confusion,whitenoise,No,No
13,18 - 24,3,magyarország,control,hypnosis,control,hypnosis,6,0,2,2,8,"nem éreztem különösebb változst. kicsit nehezebben tudtam levegőt venni, a gondolataim nem pörögtek annyira, és nyugodtabb voltam egy kicsit","az elején nem éreztem semmit, aztán nagyon levert a víz és elkezdtem izzadni. azután pedig átkerültem egy másik fázisba, ahova nem tudtak követni a negatív gondolataim, a jókra pedig sokkal jobban tudtam koncentrálni. tudtam magamról, rendesen gondolkodtam, és vissza tudtam volna jönni a rendes állapotomba, de nem akartam, mert olyan volt, mintha pihennék, de a gondolataim nem járnak össze vissza","kellemes érzés volt, éreztm, hogy az elmém teljesen ellazult, és mintha aludtam volna, de közben tudtamm arra figyelni, amit mondtak. a gondolataim itt is lassabban áramlottak, de sokkal jobban tudtam rájuk koncentrálni, és ki tudtam szűrni, hogy melyik gondolat felesleges és melyik nem. a feleslegesek pedig eltűntek. ","olyan érzés volt, mint mielőtt már majdnem alszok, de tudtam gondolkodni, és magamnál voltam, de abban a fázisban, amikor már majdnem alszok.",Yes,levert a víz és kicsit elkezdtem szédülni,Female,2,8,6,6,9,Heard/read about it on the internet;,,hun,8,whitenoise,embedded,whitenoise,confusion,relaxation,Yes,Yes,whitenoise,confusion,No,No
14,18 - 24,1,Magyarorszag,control,control,hypnosis,hypnosis,5,0,0,10,10,"Kisse turelmetlen voltam, mert kivacsi voltam, hogy mi fog tortenni. Eyen kivul megtapasztaltam nehany nyugodt, elmelyult pillanatot is.","Nyugdt voltam, syabadon aramoltak a gondolataim. Kicsit olzan volt, mintha majdnem elaludtam volna.","Hasonlo allapotban voltam az elozo elmelyult allapothoz kepest. Olyasmi elmeny volt, mint amikor ebed utan alszom egyet.","Nem voltam olzan nyugodt, mint ay elobb, de valamennyire el tudtam lazulni most is.",No,,Male,1,3,5,2,0,Heard/read about it on the internet;,,hun,8,whitenoise,embedded,confusion,whitenoise,relaxation,No,Yes,whitenoise,confusion,No,No
15,18 - 24,4,Magyarorszag,hypnosis,control,control,hypnosis,8,7,0,0,7,"Egyreszt az a gondolat jart a fejemben, hogy idegesito a hipnotizalo pasi hangja, masreszt kicsit elkezdtek a kezeim jolesoen zsibbadni. Illetve az jart a fejemben, hogy vajon most tenyleg mely hipnozisban vagyok/e. Kicsit zsibongott a fejem is, kellemesen.","Igazabol most is elkezdett picit zsibbadni a kezem. Es sok minden jart a fejemben. 1. Az Abbatol az Andante, andente 2. hogy milzen zavaro a kulonbozo hangfelveteli reszek kozti valtas, hangero kulonbseg 3. Hogy mit fogok ide irni 4. Hogz vajon miert nem teszik ki itt az atkoto szovegeknel a vesszoket, fokent a hogy/ok elott 5. mikor lettem en ennyire kritikus 6. milyen jo mar, hogy csendben ulesert fizetnek nekem","Igazabol most nem volt semmi kulonos, csak ucsorogtem es vartam a veget. Volt egy/ket gondolatom, de eleg csendesek. Csak jo volt semmit sem csinalni. Illetve egz picit unalmas.","Most is sok gondolatom volt, de megis valahogy olyan volt, mintha mellyebben lennek - olyan erzes volt, mint mikor az ember a strand partjan kezd elaludni, es mindent egy kicsit hangosabban hall, sok gondolata van, megis tudja, hogy mindjart elalszik",No,,Female,5,0,0,5,4,Other;,"A kutatasban korabban resztvett barataim meseltek rola, ill. az egyik kutatasvezeto is egy keveset",hun,6,confusion,confusion,embedded,relaxation,whitenoise,No,No,confusion,relaxation,No,No
16,18 - 24,5,Magyarorszag,control,control,hypnosis,hypnosis,10,0,1,7,8,"relaxaltnak ereztem magam, nem tortent semmi kulonos, tudtam a belsomre koncentralni, nem nagyon kalandoztak el a gondolataim","melyen relaxaltnak ereztem magam, nyugodt voltam, a testem ellazult","nagyon nyugodtnak ereztem magam, a fejem es az egesz testem elnehezult, a szemem nagyon kenyelmesen volt csukva, kicsit olyan erzes volt, mintha eberen aludnek","nagyon nyugodt voltam, ellazultam, a szam kinyilt, a fejem mintha oldalra dolt volna. kicsit ahhoz hasonlitott az erzes, mint amikor mar majdnem elalszom. a homlokomban bizsergest ereztem. nem gondoltam semmire",No,,Female,1,2,6,8,6,Other;,"pszichologia szakos tanarom meselt rola nehanszor, tovabba ismerosoktol hallottam rola",hun,10,confusion,embedded,relaxation,whitenoise,confusion,No,No,confusion,relaxation,No,No
17,18 - 24,1,Magyarorszag,control,hypnosis,control,hypnosis,5,2,7,0,4,"Nem eltem at mely tudatallapotvaltozast, de sikerult ellazulnom. Ez hullamokban tort ram, volt, hogy nehany masodpercre teljesen ellazultam, de volt, hogy szinte teljesen felebredtem kozben.","Sikerult melyebbre kerulnom, mint az elozo technikaval, de megint nem sokaig maradtam ebben az allapotban, mire a hang ujra megszolalt mar reg kiemelkedtem, viszont nehany masodpercre sikerult ellazulnom elotte, a hatas viszont nem volt tartos.","Az eddigi legfelszinesebb elmeny nem sok hatassal.
","A zaj csak felidegesitett, egyaltalan nem tudtam relaxalni. Semmit sem eltem at.",Yes,Enyhe fejfajast a feher zaj kozben.,Male,0,4,0,0,1,,,hun,8,relaxation,embedded,relaxation,confusion,whitenoise,Yes,No,relaxation,embedded,No,No
18,18 - 24,5,Magyarország,control,hypnosis,control,hypnosis,9,0,9,0,9,"Hasonló volt a vizsgálat elején lévő elmélyüléshez, nyugodt voltam, de ugyanúgy cikáztak a gondolataim.","Az elején még sikerült elmélyültebb állapotban maradnom, ami a hipnózis alatt kialakult. A szemeim előtt kb 1 percig színes körkörösen hullámzó vonalakat láttam (mint az állóvíz fodrozódása, amikor beleesik valami), aztán elég hamar visszatértek a gondolataim, és átlagosan éreztem magam, mint amikor csak pihenek.","Fizikailag ellazultam, teljesen el tudtam engedni magam, még egy nagyon gyenge bizsergésszerű érzésem is volt. Szellemileg viszont nem tudtam kikapcsolni, továbbra is jöttek a gondolataim és már azt terveztem, hogy ezt a leírást hogyan fogom megfogalmazni. A felvétel közepétől már vártam, hogy vége legyen, kicsivel a befejezés előtt magamtól elkezdtem átmozgatni a testrészeimet, mert kezdtem kényelmetlenül érezni magam. ","Nyugodt, ellazult voltam, a gondolatmeneteim nem álltak meg. Az elején unatkoztam.",No,,Female,1,2,3,1,5,"Read book(s) about it;Heard/read about it on radio, podcast;",,hun,10,whitenoise,embedded,confusion,relaxation,whitenoise,Yes,Yes,confusion,relaxation,No,No
19,18 - 24,0,Magyarország,hypnosis,control,control,hypnosis,6,6,6,5,7,"Kellemes, nyugtató érés volt. Ahhoz tudnám hasonlítani, mint mielőtt elalszom egy hosszú nap után. Nyugodtnak és békésnek éreztem magamat.",Nem éreztem nagy különbséget a megszokott ébrenlét és az előső állapot között. Talán kicsit nyugodtabb voltam és kicsit elálmosodtam.,Nyugodtnak és béksnek éreztem magam. Kellemes érzés volt ilyen kisimultnak lenni.,"Teljes mértékben ellazultam és megnuygodtam. Pihentető volt és kellemes érzés. El is álmosodtam közben, olyan volt mintha csak lebegtem volna. Az alváshoz közeli állapotba kerültem.",No,,Female,6,3,5,7,4,,,hun,8,whitenoise,whitenoise,embedded,relaxation,confusion,Yes,Yes,confusion,relaxation,No,No
20,35 - 44,5,Magyarországon,control,hypnosis,hypnosis,control,8,6,8,9,8,"Egy kellemes, békés, nyugodt állapotban voltam. Egy kicsit úgy éreztem, hogy az elalvás felé közeledem, de végül nem aludtam el, éberségemet fent tudtam tartani.","Nehéz megszólalni, talán még mindig \ott\"" vagyok egy kicsit. Nagyon jó volt még mindig egy kicsit el vagyok varázsolva. Egy igazán mély és kellemes meditatív állapotot éltem meg. Úgy éreztem hogy tudatom nyugodt csendes és mély ugyanakkor mégis nagyon éber. Füleltem hogy észreveszem e a küszöb alatti ingereket illetve nagyon kíváncsi vagyok hogy mik lehettek azok. Minden esetre nagyon jó volt nem is nagyon volt kedvem kijönni az előidézett állapotból. ""","Egy kellemes, megnyugató, nyugodt állapotban volt részem, de semmi különös. Lehet, hogy már egy kicsit elültem magam, így eleinte nem éreztem úgy, hogy lépést tartok a visszaszámlálásnál említett tudatállapottal, de végül sikerült belehelyezkednem. ","A fehér zajra visszatérve egy kicsit: elég sok kép és gondolat beúszott, miközben hallgattam. Ez most tv-zaj, vagy eső?Nem is tévézünk, illetve a tévék ma már nem is hallatnak ilyen hangokat, bezzeg régen... Itt aztán egy csomó régi emlék felidőződött. A csendes szakaszban is megmaradt tudatomnak ez az aktivitása, képek és gondolatok úsztak be, amik lassan azért veszítettek intenzitásukból. ",No,,Male,7,10,8,7,6,"Read book(s) about it;Heard/read about it on the internet;Heard/read about it on radio, podcast;",,hun,10,embedded,confusion,embedded,relaxation,whitenoise,No,Yes,embedded,confusion,No,No
21,18 - 24,-1,Magyarorszag,hypnosis,control,hypnosis,control,3,4,2,4,2,Kicsit relaxaltabbnak ereztem magam de nem hinnem hogy a tudatos elmem teljesen kikapcsolt,Egyaltalan nem ereztem hogy egy elmelyult allapotban lennek,Fizikailaig teljesen relaxaltnak ereztem magam szinte az alvas kuszoben elmem viszont egy ennel kevesbbe relaxalt meg mindig igen aktiv allapotban volt,Semmilyen kulonbseget nem ereztem a hanganyag meghallgatasa elotti es utani allapotom kozott,No,,Female,3,0,4,0,2,Heard/read about it on the internet;,,hun,5,embedded,confusion,whitenoise,embedded,relaxation,Yes,No,confusion,whitenoise,No,No
22,18 - 24,4,Hungary,control,control,hypnosis,hypnosis,7,1,1,8,6,"I was already feeling sleepy before the excercise started, which only increased while I was sitting with my eyes closed. There were a few moments when I was afraid I'd fall asleep for real, and had to remind myself to stay alert. At other times I would feel agitated and impatient, wishing I could do something more productive instead, maybe go through with one of my usual meditations. Overall it was an uncomfortable experience. ","From the begining I felt both disappointed and agitated, since I had been very eager to try and experience hipnosis for real this time. Throughout the time Ispent with my eyes closed, I felt pretty alert, even restless, so naturally once I heard the recording start again I was very relieved. I'm sure this is an effective technique for relaxation, but since I came here expecting much more exciting events, all I could do throughout is think about how I'm going to describe my experience later. At least I didn't have to fight off sleepm this time.","From the start Iwas very anxcious to get 'properly hipnotised', so I'm hoping that this was finally it. This state I was in felt pretty close to what I'd experience during a meditation, but somehow it was different too. When I was left to just experience whatever I could, I was suprised to find that instead of the usual flow of thoughts my mind felt empty and looked like a white orb, full of light and only my inner monologue to keep me company. First I just marvelled at the experience, then I started telling my mind that from now on I'll be able to sleep better, have more energy to clean and cook and stay healthy in general, and to focus more during my studying sessions. Then at the very end for some reason I had the idea of telling my two hands to get further away from each other and then come back together again, I'm not sure if them obeying was the product of the hipnotic state I may have been in, but it was fun regardless. Coming back to my usual state felt different as well, during the previous two trials I could not wait to open my eyes fast enough, but now I was suprised at how in sinc my actions were with the instructions.","Now this was a bit different from the previous, I'm guessing more hypnotic state, this felt more like meditation. For starters, I felt I had to actively participate in maintaining my focus, my mind wasn't as empty as before, and on a few ocasions I found myself drifting away, completely absorbed in my plans about what to eat later, or which path I'm gonna take once I'm done here and can walk away. Nevertheless I tried, once again giving suggestions to myself about better sleep and whatnot, but I'm afraid it won't be half as potent as I felt i t was last time. Returning was also a bit less controlled by the audio I was listening to, but still far from what it was like during the two control tasks. Anyhow, my mind went a bit gray and foggy on a few ocasions and my ability to stay in the moment definitely decreased, but it was still somewhat relaxing I guess.",No,,Female,1,1,9,7,3,Attended a lecture about hypnosis,,eng,9,relaxation,whitenoise,confusion,relaxation,embedded,Yes,No,relaxation,whitenoise,No,No
23,25 - 34,4,Magyarország,control,hypnosis,control,hypnosis,5,7,7,10,5,"Nagyon kellemes, nyugodt érzés.
Mély állapot, már már kezdtem úgy érezni, hogy elalszok, de sokszor magamhoz értem és újra vissza kellett térni a nyugodt harmonikus állapotba. 
A számolásnál a végén magamnál voltam, bár egy pillanatra úgy éreztem, hogy nem tudok mozdulni. ","Semmi különöset nem éreztem. 
Nem igazán tudtam koncentrálni a testről bemutatott szövegre.
Éber voltam és elvonta a figyelmem az éhség érzete. ","Kissé zavaró volt, hogy kintről beszédet hallottam. 
A fejhallgató már nagyon kényelmetlen. 
Nem tudtam koncentrálni a hipnózisra, nem éreztem semmit. Teljesen magamnál voltam.","Semmi különös nem volt.
Úgy érzem, nem tudok koncentrálni. ",Yes,"Külső tényezők: kényelmetlen fejhallgató, illetve a sapka pántja vágott. Sokszor behallható volt beszéd hang(férfi)és ajtó becsukódás. 
A második \hipnózis\"" során hirtelen kiszáradás érzete és ezért koncentrációs zavarok léptek fel.   """,Male,8,0,0,0,8,Heard/read about it on the internet;,,hun,8,confusion,whitenoise,embedded,relaxation,confusion,Yes,Yes,embedded,relaxation,No,No
24,18 - 24,4,Magyarország,control,hypnosis,control,hypnosis,9,1,7,1,7,"Néha kényelmetlenül ültem, ezért helyezkedni kezdtem, ami után kicsit bűntudatom lett, mert tartottam attól, hgy mez megzavarja a kísérlet menetét. Volt néhány perc, amikor úgy éreztem, valóban bekövetkezik az az egyre mélyebbre való zuhanás, amit az elején a számolással kellett volna elérni. De éreztem bizonyos fokú elmélyülést, nem mélyebbet, mint amit meditációban szoktam.","Meglepődtem, hogy be kellett volna csukni a szememet, végig nyitva tartottam. Nem éreztem magamat elmélyültebben, mint az első után, csak mintha lassabban történtek volna az események. Néha megmozdítottam a karomat, lábamat, de azok a mozdulatok is lassabban mentek, mint az első rész alatt. ","Kissé ideges voltam, vártam, hogy újra megszólaljon a hang. Nem éreztem magamat elmélyültebbnek, mint egy átlagos nap végén, elalváskor. Ez volt eddig a legkevésbé pihentető a három rész közül. Sok, átlagos gondolatom támadt közben.","Most talán még idegesebb voltam, mint az előző alkalommal. Valamiért nem találtam meg a kényelmes pózt, nem tudtam elmélyülni úgy, ahogy azt szerettem volna. 
",Yes,"Volt, hogy nem tudtam elhelyezkedni megfelelően, és az utolsó két feladatnál egészen idegesnek éreztem magam.",Female,2,4,0,1,6,Attended a lecture about hypnosis;Read scientific literature about hypnosis;,,hun,8,embedded,relaxation,embedded,whitenoise,confusion,Yes,No,confusion,relaxation,No,No
25,18 - 24,2,Magyarorszag,control,hypnosis,control,hypnosis,7,4,8,1,4,"Ereztem a testemen, hogy teljesen el volt lazulva az egesz. Sajnos az elmemet nem tudtam maximalisan csendben tartani, neha-neha elkalandozott a hetkoznapi emlekeimhez, gondolataimhoz","Sajnos nem ereztem sokkal nagyobb kulonbseget a mostani es az ez elotti hanganyag alatt. Ereztem, hogy a fejem es valahogy az egesz lelkem es a szivem is mintha nehezebb lenne, de ezenkivul semmi kulonoset. A tudatos es a tudatalatti enemet nem tudiom, hogy sikerult-e szetvalasztani, mert ugye v;gig figyeltem a hanganyagra, nem tudtam elvonatkoztatni tole","Egyaltalan semmi kulonlegeset nem ereztem, mivel mindvegig nyitva volt a szemem es csak egy csendes es lassu tortenetet hallgattam meg az emberi testrol. Sot, elegge untatott, a hosszu szunet idoszak alatt csak merengtem a gondolataimban es unatkoztam.","Kifejezettem az az allapot, amikor elmelyulve kellett az allapotban maradnom, az megint nem volt hihetetlenul hipnotikus elmeny, elmelyultem a gondolataimban, emlekeimben, de semmi kulonoset nem ereztem. Ellenben a feher zaj nagyon tetszett",No,,Female,3,4,0,0,1,Read book(s) about it;,,hun,9,whitenoise,relaxation,confusion,embedded,whitenoise,Yes,No,whitenoise,relaxation,No,No
26,18 - 24,4,Magyarország,control,hypnosis,hypnosis,control,7,4,7,8,4,"A fehér zaj hallatán először egy vízesés jutott eszembe, és oda csöppentem, majd magába, mintha a zajban lennék, olyannak képzeltem el, hogy ilyen lehet az univerzumban sodródni. Amúgy nem nagyon sikerült elmélyülni, olyan kezdeti meditatív állapotként írnám le, de úgy éreztem még jelen vagyok, tudatában voltam mi történik. Viszont jól esett, kellemes, nyugodt érzés volt, de járt az agyam mindenfelé.","Szintén egy kezdetleges meditatív állapotot éltem át, sikerült teljesen ellazulnom, kizárni a külvilágot, de nehéz leállítani a gondolataimat, ezért nem tudom azt mondani, hogy 100%-ig teljesült, az amit elképzeltem, de kicsit megtudtam feledkezni a mindennapi problémáktól, ami szuper érzés.","Nem tudom az adatok mit mondanak, vagy, hogy mennyire elmélyült hatást kéne átélnem, de én meg vagyok bizonyosodva róla, hogy teljesen itt vagyok és tudatában vagyok mindennek, ez így jó? :D Megint csak az ellazult, békés állapotot éreztem, az izmokról szóló bevezető után jobban fókuszáltam a testemre, hogy mit csinál. És elkezdtem éhes lenni, de amint véget ért a hipnózis, már nem éreztem éhség érzetet. Ez volt csak, ami más volt, mint az előző kettőnél. A testem zsigereinek érzése került középpontba.","Mélyebben, mélyebben, mélyebben...ez a szó ment eleinte a fejembe. Minél mélyebbre szeretnék ásni a tudatomban, és megtudni miért nem tudom kikapcsolni azt. Vagy megtudni mi zajlik pontosan ott és a tudatalattimba, bár azt lehet jobb nem tudni. Úgy érzem a testem eltud lazulni, de ébernek érzem magam a kavargó zajos gondoltok miatt, emiatt sosem tudtam teljesen ellazítani a tudatomat. Ezt promlémának érzem. Ilyeneken gondolkodtam közben, amúgy meg megint kellemes élmény volt, elvagyok a zsibongó tudatommal.",No,,Female,2,5,6,5,5,"Heard/read about it on the internet;Heard/read about it on radio, podcast;Personal experience (seen hypnosis used on someone else, e.g. clinical hypnosis or stage hypnosis);",,hun,10,relaxation,whitenoise,relaxation,embedded,confusion,No,Yes,relaxation,confusion,No,No
27,25 - 34,3,Magyarország,control,hypnosis,hypnosis,control,9,4,8,2,5,"Hát az elején jó volt. Pihentető, nyugtató, amikor a 10-től 1 fele számolt és azt mondta 3 körül, hogy most bármit megteszek, amit mondott, azért az felidegesített, mert persze, hogy nem teszek meg bármit. 

Aztán ellazultak az izmaim, ha nem is volt hipnózis, azért megnyugtató volt. 
Az első pár percben még nagyon pörögtek a gondolataim és kb a 3-4-ig perctől nyugodhattam le, de mivel arról nem volt utasítás, hogy a gondolataimat nyugtassam le, ezért egy idő után, ahogy kényelmes volt, elgondolkodtam a hétköznapi problémáimon. Bár jó volt ezekre így nyugodtan gondolni, s egy két megoldásban is megerősödtem. (Pl.: hogy reggel 6-tól délig 6 órán át tudok dolgozni a vállalkozásomban, s elég eredményesen haladhatok akkor. Ezért megérni időben lefeküdni, 11-12 óra körül).
Lehet erre nem voltak kíváncsiak, de azért leírtam, nekem ez lényeges volt közben. 
Aztán a torkom elkezdett kaparni, s elgondoltam, hogy nem kéne kinyissam a szemem, de mivel ez \csak\"" egy kontroll felmérés volts arról is volt szó hogy nyugodtan mozgathatom a kezem vagy a lábam ha úgy kényelmesebbígy úgy döntöttem hogy iszok egy kis vizet mert tovább nem bírom a torok kaparást. (Ez valószínüleg meglátszik majd az EEG felvételen). Az 1-10-ig számlálás alatt én úgy már úgy éreztem hogy rég aktív vagyok de azért olyan érzés is volt hogy jobban felébredek. Ásítottam egyet az 1 után. Illetve tök nagy öröm volt h ránéztem a tőlem balra lévő monitorras láttam az EEG- vonalakat s a szívem is :)""","A testem jobban el volt lazulva, mint az előzőnél. Nyugodtank éreztem magam. 
Közben sok mindenen pörgött az agyam: pl, hogy a fehér zajt, azt hiszem, hogy alvás közben jó, bizonyos fázisokban hatékony. 
Meg az jutott eszembe, hogy ennek olyan hangja van, mint a vízesésnek. S ha ez ilyen jó, akkor vízesés mellé költözve sokat lehetne hallgatni. De el is mehetnék sátorban aludni vízesés mellé. 
Aztán azon is gondolkodtam, hogy lehet, hogy szándékosan éppen fordítva van mondva-írva, hogy melyik a hiponózis, s melyik nem az? Mindenesetre, ez is tetszett. 

Aztán hagytam, hogy a fantáziám szárnyaljon tovább. Mivel kutatóként, adatelemzőként dolgozom most, ezért elképzeltem, hogy majd évek múlva, lehet én is ilyen kutató, egyetemi adjunktus. S mivel a jelenlegi álmom, hogy campervan-ben (lakókocsiban) éljek, ezért elképzeltem, hogy nagy egyetemi adjunktus vagyok, s néha az autómban lakok, s az egyetem területére behajtok autóval. Az emberek azt gondolják rólam, hogy bolond vagyok, hogy autóban élek, miközben egyetem igazgató vagyok, mégis a bolondságom mellett szeretem az embereket, s ez a lényeg.

Aztán a legvégén nagyon laza volt a testem, s kicsit olyan volt, mint ha nem is gondolkoznék, s élveztem az itt levést, az állapotot. Amikor szólt a hipnoterapeuta, hogy ébresztő, akkor igazán fel kellett ébredjek, mert ha nem is alvás közeli állapotban voltam, de azért nyugodtan. 

Te jó ég, az előbb is ásítottam, a monitoron pedig mindent összekarcolt :P","Előtte elképzletem ahogy barátaimnak azt mondtom, hogy mi a fasz volt ez?

De mikor kezdődött érdekes volt. 
Elgondolkodtam azon, hogy ilyen bizalmatlan vagyok egy terapeutával, hogy állandóan megfejteni akarom, hogy mikor van kísérlet, s mikor van becsapás. Hogy ilyen bizalmatlan vagyok? 

Aztán arra is gondoltam, hogy előzőnél le akartam írni, hogy közben azon is gondolkoztam, hogy le fogom írni a tapasztalatom (mert már tudtam, hogy utólag le fogom írni). 

Aztán azon is gondolkoztam, hogy én állandóan felülvizsgálom a saját cselekvésemet? Állandóan kontroll alatt akarom tartani magam? Most meg azon gondolkodom, hogy ekkora elismerésre vágyom, mert elképzelem, hogy különleges vagyok, s aki ezt olvassa felismeri, hogy egy tehetség vagyok, de legalábbis kirívó eset. 

Apun gondolkoztam még, amikor ő azt mondta, hogy nem gondolkozik párbeszédben a fejében, csak képileg gondolkozik. Én pedig nem hittem el. S húgom is ezt mondta, hogy csak úgy gondolkozik párbeszédben, ha képet is lát mellé. Én pedig tudok magammal párbeszédet folytatni. 

De lehet, hogy apu és húgom különleges ritka, akit nem ismertem fel? Lehet hogy ők híres ritkaságok lehetnének? S éppen nem ismertem fel őket? Ezt valahogy nem hittem el, amikor először hallottam őket, sőt, azt mondtam, h nem igaz. ","Elcsodálkoztam, hogy ennyi izmunk van. 
Meg eszembe jutott, hogy a volt osztálytársam (Romániában) tegnap azt mondta, hogy fáj maga. S arra utalt, hogy fájnak az izmai. Olyan szomorú, hogy a testünk ekkora nagy része izom, s ahoz képzest alig használjuk. 
Kellett volna mondjam neki, hogy ha így be van görcsölve az izma, hogy egy jó lehet elazítaná (nem velem, én itt vagyok Mo-n). 
Már megint azon is gondolkoztam, hogy aki ezt olvassa, mit gondolhat rólam, már az állapotban elgondoltam, hogy ezt leírom, nehogy félre értse az olvasó. 

Amúgy meg hol volt itt szubliminális hatás? Ok, értem, hogy a szubliminálist éppen nem fognám fel... na mindegy, de hatását sem éreztem. 
A végén untam, mint ahogy az első alkalom végét is. Próbáltam azért nem mocorogni, hogy ne rontsam el az EEG-t, mert itt a hölgyek kértek, hogy ne nagyon mocorogjak közben. 
De ezért egy két ásítás belement...
Szerintem a levegő is elfogyott ebben a teremben.

El is gondoltam, hogy mindenk kísérleti alany előtt kiszellősztetnek ugyan olyan hosszasan? Márhogy a kísérleti körülmény azonos legyen. (Kérdeztem a hölgyeket, hogy a villanyt szabad-e lekapcsolni, de mondták, hogy muszáj azonos maradjon a körülmény.) Jogos, semmi gond, csak gondolom az oxigén is fontos nekünk. Az utolsó bekezdésem már nem az alkalomról szól.  ",No,,Male,3,9,9,0,5,,,hun,9,confusion,relaxation,whitenoise,confusion,embedded,Yes,Yes,confusion,relaxation,No,No
28,18 - 24,3,Magyar,hypnosis,control,control,hypnosis,9,9,8,8,9,"Mintha félálomban feküdtem volna egy ringatózó csónakon. Furcsa zümmögő, bizsergő érzés volt az egész testemben, de kellemes és nyugodt élmény volt. Néha mintha kicsit elvesztettem volna, hogy most egy helyben ülök vagy dőlök vagy ringatózok. De voltak tisztább gondolataim, például, hogy éhes vagyok, vagy random emlékképek tegnapról. ","Kellemes, nyugodt állapot volt, a kezeim kellemesen elnehezültek. Több tiszta gondolatom is volt. A számolásnál, már kettőnél kinyitottam a szemem, sokkal konnyebb volt visszatérni az éber állaoptba. A fülhallagó húzta a hajam, ami eléggé zavart, de nem mertem  megigazítani. Nem éreztem bizsergést, csak kellemes elnehezesést. Most azt sem éreztem volna, hogy ringatóznék vagy ne tudnám behatárolni, hogy pontosan milyen pozícióban a van a testem. De nyugodt voltam.","Kellemes, olyamsi érzés volt, mint amikor lefekszem aludni és megjelennek ilyen emlékképek a napomról, amiket mintha megint átélnék. Szóval sok ilyen elég vivid emlékképem volt, főleg tegnapról, mint amikor az ember este végig gondolja  a napját, közben félig alszik... Eléggé ellazultam és lassan sikerült kijönni ebből az állapotból, nagyjából  a hatodik számolásra. ","Kellemes, bizsergő, nem tudnám megmondni mennyi ideig tatott. Eléggé hullámzó volt, hogy mennyire éreztem magam ellazultnak, de nem vártam az idő végét, mert kellemes volt ebben az állapotban lenni. Volt egy ilyen furcsa összefüggés egy dologgal kapcsolatban, ami egyszercsak hirtelen megfogalmazódott bennem, olyan ráébredés szerűen. A gondolataim olyanaok voltak, mintha valami meleg ködön keresztül értékelném őket. Néha jött egy-egy, hol tisztábban, hogy kevésbé isztán és voltak olyan időszakakok, amikor csak a meleg köd volt, a gondolatok nem. ",No,,Female,7,4,7,8,6,Attended a lecture about hypnosis;Read scientific literature about hypnosis;,,hun,8,confusion,confusion,embedded,relaxation,whitenoise,No,Yes,confusion,relaxation,No,No
29,18 - 24,0,turkey,control,hypnosis,hypnosis,control,5,3,5,5,5,i felt  calm and sleepy- the feeling you have when you are in a car and about the sleep on the way back home,this one felt more like resting after having a tiring day i felt tired but rested at the same time,i did not close my eyes as i was not told this time- i did not feel calm or rested it was more like listening a lecture and getting out of the zone my mind wanderedd off a lot,i felt half alert and in the beginning the noise felt a bit scary then i was okay i did not feel much ,No,,Female,4,3,1,2,0,Heard about it on TV or in a movie,,eng,6,relaxation,confusion,relaxation,embedded,whitenoise,Yes,Yes,embedded,confusion,No,No
30,18 - 24,3,Magyarország,control,control,hypnosis,hypnosis,8,0,0,8,9,"Kicsit féltem, hogy elalszok, mert szoktam időnként meditációt gyakorolni, főleg alvás előtt. Emiatt egy szokványos, igen ellazult állapotba kerültem. Kevés gondolatom támadt közben, és az idő múlásával egyre kevesebb.","Az előző, fehér zajos néhány perc alatt sokkal jobban le tudtam nyugodni, relaxálni. Engem kizökkentett a sok beszéd, nem volt hihető számomra. Csak azt látom magam előtt, ahogy a terapeuta suttog a mikrofonba, és ez kizökkent minden egyes alkalommal, nem tudom beleélni magam. Tudom, elmondták, hogy valódi hipnózis hiányában ugyanúgy lehet róla szó a felvételen, mégis zavaró számomra. Ezek a megjegyzések, például \most mély hipnózisban van...\"" mindig egy kicsit vissza-vissza rántanak a valóságba.""","Az előzőhöz hasonlóan zavart a terapeuta beszéde, felfigyeltem az ismétlődésekre, apró hangokra amelyek a beszéd során keletkeznek, és a levegővétel hangjára. Ezek továbbra is zavartak az ellazulásban. Voltak azonban nagyon rövid részek amikor bele tudtam feledkezni. Emiatt legjobb tudomásom szerint az \elmélyült állapotban maradós\"" részben sem éreztem semmi rendhagyót az előzőekhez képest simán csak relaxáltam. Valamivel hosszabbnak éreztem ezt az utolsó fázist az előbbieknél valamivel mélyeb relaxációt sikerült elérnem (szerintem) mint például a másodiknál de ezt nem az eltérő módszernek tudom be hiszen igen zavaró volt csak annak hogy már az előzőek után alapból valamelyest \""mélyebbről indultam\"".""","Szerintem elrontottam ezt a fázist. Nem rémlik, hogy a hang megkért volna a szemem becsukására, de nem zárom ki a lehetőséget, hogy csak figyelmetlen voltam. Ugyanakkor nagyon precízen igyekeztem teljesíteni minden utasítást, és az előző 3 alkalommal mindnél végig csukva tartottam a szemem, ahogy a hang kérte. Mindennek ellenére az elmélyülés alatt nem kalandoztak el a gondolataim túlságosan, főleg az elején még az említett izmok és működésük járt a fejemben, és a figyelmem saját magamon összpontosult ezekre a helyekre. Legszívesebben visszahallgatnám a felvételt, hogy elhangzott-e a \csukja be a szemét\"" és ha igen akkor megismételném ezt a részt.""",Yes,"Az összes beszédes rész ahol relaxálnom kellett volna igen zavaró volt, kivéve a negyediket, ahol az izmokról mesélt a hang. Ott a mesére koncentráltam, nem a hamisnak érződő suttogásra hiszen nem volt olyan.",Male,0,0,1,0,0,,,hun,7,embedded,whitenoise,relaxation,confusion,embedded,Yes,Yes,embedded,whitenoise,No,No
31,18 - 24,4,Magyarország,hypnosis,control,control,hypnosis,7,8,8,8,9,"Egy picit nyugotabb lettem, mint szoktam. Őszintén, nem érzékeltem semmivel másabbat, mint amikor az éber állapotomat mérték fel pár perccel korábban. ","Számomra ez sokkal hipnotikusabbnak tűnt, mint az előző. Sokkal jobban el tudtam lazulni, sokkal jobban a gondolataimba tudtam merülni. Küzdenem kellett, hogy el ne aludjak, Olyan érzés volt, mikor reggel kinyomom az ébresztőt, és 5 perc szundi alatt ebbe az állapotba kerülök. Számomra kellemetlen volt. Túlságosan hossszúnak érzékeltem a hang utáni szünetet, mérgessé és türelmetlenné váltam.","Most is nagyon álmos lettem, nehéz volt tartanom a fejemet. Többször is kirázott a hideg, de szerintem ez csak a szoba hőmérséklete miatt volt. Enyhén elindultak a gondolataim. Most is vártam már a végét a szünetnek, annyira, hogy kénytelen voltam ki-kinyitogatni a szemem. Nem tudom, lehet én csináltam vmit rosszul, bocsánat. Most nem lazultam el, sőt a szék kényelmetlenségét a fenekemben sokkal jobban éreztem. A tudatom tényleg elfelejtett néhány dolgot, de ami feltűnt, hogy ugyan azt mondta el kétszer, arra emlékszem. Illetve a szünet utáni nyelvbotlást már harmadszorra sem javították ki.","Nem monsta az elején, hogy csukjam be a szemem, ezért a történetet nyitott szemmel hallgattam végig. Érzéseimszerintem egyáltalán nem kerültem hipnotikus állapotba. A  várakozás kb felénél, mikor már becsuktam a szememe, utána megint lassult a lélegzetem és alvás előtti állapotba kerültem. A visszatííírő számoláskor el tudtam volna aludni.",No,"A második és főleg a harmadinkál fokozatosan növekvő frusztrációt éreztem. Ez nem tudom, hogy a kísérlet része volt, vagy a szobában lévő háttérzaj, a szék kényelmetlensége, a vezetékek miatti kényelmetlenség, a sapka súlya, vagy a fülhallgató  miatt kialakult fejfájásom, illetve az éhségem okozta, esetleg ezeknek az egyvelege. Csalódott vagyok, nagyobb hipnózishatást vártam. ",Female,2,6,2,0,5,Heard/read about it on the internet;,,hun,10,relaxation,relaxation,whitenoise,confusion,embedded,Yes,No,relaxation,whitenoise,No,No
32,18 - 24,3,Magyarország,hypnosis,control,hypnosis,control,9,8,1,8,1,"Nyugodt voltam, nem igazá notak gondolataim, kicsit, mint ahogy azt képzelem, hogy a meditálásnak működnie kéne, csak sose sikerül. Az elején különösen, de a végére elkezdett kicsit kényelmetlen lenni az ülés, és akkor már vártam, hogy vége legyen. *igazán voltak^Kicsit nyomja a fülemet ez a szerkezet, azt próbáltam megígazítani.","Most nem éreztem magam annyira ellazultan, mint az előbb. Igazából azt hittem valamiért, hogy most csak a white noise lesz, és már az egy kicsit zavaró volt, mert a fülesnek csak a bal oldala megy, ezért olyan, mintha el lenne romlana, azért zúgna, meg így eléggé behallatszanak a külső zajok. Amikor elkezdődött a csend, akkor elég hamar elkezdtem unni, és kez egy kicsit fájni a fejm, meg nyomját ezek az elektródák is. Most csak úgy éreztem, hogy ülök, és várok valamit. Nem értem, hogy a beszélő lélegzése miért van rajta a felvételen.","Most sem éreztem magam különösen sehogy, nehezen tudok már hogy ülni. msot is kicsit indokolatlannak éreztem, hogy itt ülök, és továbbra sem értem ,hogy miért van a férfi lélegzése a felvételen. Olyan, mintha egymás mellett ülnénk itt némán és várnánk egymástól valamit. Meg mostmár tudom, hogy ezt el kell majd mondanom, szóval mindenre, ami történik odafigyelek, hogy le tudjam majd írni. Most nehezebb volt csukva tartani a szemem, a végénmár alig tudtam megvárni a számolás végét is.","Ez most sokkal nyugisabb volt, mint az előző kettő, jól ellazított a szöveg, kicsit sajnáltam is amikor vége lett. Már eléggé elálmosodtam itt közben, ezalatt a csend alatt majdnem el is aludtam párszor szerintem. Aztán pózt akartam váltani, és kicsit belegabalyodtam a zsinórokba, amitől eléggé kizökkentem, és onnantól már csak vártam, hogy vége legyen. Nagyon nyomja már a fülem ez a fejhallagtó.",Yes,"Elég kényelmetlen egyhelyben ülni ennyi időn keresztül, meg eléggé nyomta a fejemet a műszer. Amikor asszem a negyedik dolognál fel kellett nézni a mennyezetre,az kényelmetlen volt, mert hátra kellett feszítenem a fejem, meg pont fölöttem volt egy lámpa, ami belevilágított a szemembe. Amúgy minden oké, szerintem mellékhatá vagy ilyesmi nem volt.",Female,6,2,2,8,1,,,hun,10,confusion,confusion,whitenoise,embedded,relaxation,Yes,Yes,confusion,relaxation,No,No
33,25 - 34,2,hungary,control,hypnosis,hypnosis,control,6,3,8,5,2,it was relaxing but the fact that it was not hypnosis state of mind there was not such a huge difference.,"it was more intense than the first one. in this phase, i had some images from my personal past which are barely obvious. the point is, some of those images/memory pieces were made out, and some of them were real. however, made-out ones can be also my personal past that i dont fully remember. now in this conscious phase, i already forgot some of them. overall, it was intense.","in this stage i found myself at different venues at the same time. i was persistently travelling from somewhere to another. it was like flying-mode on.also, i was interacting with the people by answering their questions.","it was not more than like closing eyes and day-dreaming for me. again, i was in so many different places. some images from the past popped up.",No,,Male,2,8,7,3,2,Heard/read about it on the internet,,eng,7,whitenoise,embedded,confusion,whitenoise,relaxation,No,No,confusion,relaxation,No,No
34,18 - 24,0,Magyarorszag,control,hypnosis,control,hypnosis,4,0,5,0,5,"Gondolkoztam az iment hallott felvetelen es a napi teendoimet vettem sorba, mivel nem igazan tudtam ellazulni.","Az elejen meg kicsit csengett a fulem a feher zaj hatasakent, miutan ez elmult semlegesen ereztem magam, majd elkezdtem kisse turelmetlenne valni es vartam, hogy tovabb mehessek.","Ezen a ponton mar elegge elalmosodtam attol, hogy az ido nagy reszeben csukva kell tartanom a szememet es kicsit fazok is.","Ez alatt az ido alatt is csak azokon a dolgokon gondolkoztam, amik tortennek velem mostanaban, csakugy mint a masik 3 kiserlet ezen szakasza alatt.",No,,Female,0,0,0,0,0,,,hun,5,confusion,embedded,whitenoise,relaxation,confusion,Yes,No,confusion,relaxation,No,No
35,18 - 24,1,Magyarorszag,control,control,hypnosis,hypnosis,5,0,5,8,9,"Furcsa erzes volt, kulonbozo kepek jelentek meg, amik egymashoz nem kapcsolodnak. Tobbszor is azt ereztem, hogy azonnal el fogok aludni, de ilyenkor egy loketet kapott a fejem es eszleltem, hogy majdnem elaludtam, de kozben nem ereztem magam teljesen ebernek.","Nem igazan ereztem hatasosnak, ebernek ereztem magam vegig, ellentetben az elozovel.","Teljesen el voltam lazulva, olyan erzesem volt, mintha nem is en iranyitanam a testem. Alvashoz kozeli allapotban voltam, tobbszor is megbillent a fejem. Megnyugvast annyira nem ereztem, inkabb csak azt, hogy el vagyok lazulva.","A testemet nem ereztem annyira ellazulva, mint az elozo hipnozisnal, viszont sokkal inkabb ereztem most megnyugvast es beket.",No,,Male,10,0,10,7,1,Heard/read about it on the internet;,,hun,9,relaxation,confusion,embedded,relaxation,whitenoise,Yes,Yes,relaxation,confusion,No,No
36,18 - 24,5,Magyarország,hypnosis,control,hypnosis,control,8,8,2,7,3,"Olyan volt, mintha egy nagyon nagyon kényelmes párnán feküdtem volna. Nem érzékeltem abban a pozícióban a testemet amiben volt, sokkal inkább úgy éreztem hogy egy puha párnán pihenek, nagyon mély ellazultságot éreztem és nem akartam volna megmozdulni, mert olyan jó volt az az állapot. ","Elég fáradtnak és álmosnak éreztem magam. Bevallom, egy picit talán unatkoztam is. Valamint azon gondolkodtam, hogy vajon milyen tudatalatti szuggesztiókat kaphatok közben és hogy ez hogyan fog hatni rám. Póbáltam kizárni a mindennapi gondolataimat, de ez sajnos nem minden pillanatban sikerült.","A fehér zaj engem egy hatalmas vízesésre emlékeztetett. Több gondolat is eszembe jutott erről a hangról, az egyik a vízesés hatalmas ereje, ahogy lezúdul a sziklákról és utána gyönyörű hegyek jelentek meg a szemem előtt, egy vonattal haladtam át az egyik hegy magaslatán és ahogy lenéztem, lent volt egy gyönyörű tó és ott volt a vízesés. Ekkor már lent voltam közvezlenül a zuhatag mellett és szemléltem a csodás tájat. Az Alpokban volt és annyira természetes és elemi érzés volt, és vízesésről az erején kívül még a tisztasága volt az , ami megragadott. Nem akartam eljönni onnan, nagyon jó élmény volt. Úgy éreztem, hogy szabadon lélegezhetek.","Nagyon mélyen éreztem magam. Szinte teljesen ráfókuszáltam a hipnózis indukciót adó szavaira, így ebben az állapotban, mikor csönd volt, már alig voltak mindennapokkal kapcsolatos gondolataim. Inkább ilyen teljes ürességet éreztem, és várakozást arra, hogy megszólaljon és halljam a hangját újra. És mikor utána újból megszólalt, úgy éreztem, teljesen rá tudok fókuszálni, minden egyes hangjára külön. Szóval ezalatta  pár perc alatt, nagyon kellemesen és kényelmesen ellazulva, teljesen fókuszált állapotban éreztem magam, egy kellemes csöndben és ürességben, amit nem töltöttek meg mindenféle gondoaltok, csak a várakozás. ",No,,Female,6,1,8,9,7,Attended a lecture about hypnosis;Heard/read about it on the internet;,,hun,8,confusion,confusion,embedded,whitenoise,relaxation,Yes,Yes,confusion,relaxation,No,No
37,18 - 24,5,Magyarország,hypnosis,control,control,hypnosis,6,6,1,0,9,"Egymástól teljesen eltérő gondolatok (halvány képek) gyors egymásutánja követték egymást. Úgy éreztem, mintha teljesen be lennék görnyedve/hajolva, és a visszaszámlálás kezdetével mintha ismét kiegyenesednék és eltűnnének a gondolatok - amiket már szinte felidézni sem tudnék, teljesen random és képtelen dolgok futották át az agyamon pár másodpercenként. Mindenközben a testem nyugodt és ellazult állapotban volt.  ","Nagyon hasonló volt a hipnózishoz, talán annyi küléönbéggel, hogy kicsit jobban a külvilág részének éreztem magam és nem voltak annyira intenzív gondolataim - inkább ellazult voltam teljesen.","Ez alkalommal nem sikerült annyira elmélyülnöm, ellazulnom. Nem tapasztaltam semmi különlegeset, mint az eddigieknél. Egy-két másodpercre mintha jobban relaxált lettem volna, de hamar kizökkentem.","Kifejezetten elmélyültem, talán jobban, mint a másikj három kísélet során. Teljesen elengedtem mgamat, már-már szinte elaludtam.",No,,Female,8,4,0,9,4,"Heard/read about it on the internet;Heard/read about it on radio, podcast;",,hun,9,embedded,confusion,relaxation,whitenoise,embedded,Yes,Yes,confusion,relaxation,No,No
38,25 - 34,4,Magyarország,hypnosis,hypnosis,control,control,9,8,9,6,7,"Tényleg nagyon laza és elmélyült állapotba kerültem, nagyon jó érzés volt. Szoktam időnként meditálni, ahhoz hasonlított.","Nagyon jó élmény volt, ez is hasonló a meditációban átélt élményeimhez. Most talán még mélyebbre jutottam, és volt olyan pillanat is, hogy már-már elalvás közeli állapotba kerültem.","Ez is nagyon jó élmény volt, csakugyan nagyon megnyugtató, pihentető. Igazából nem tudnám elkülöníteni a mostani állapotomat az előző két módszer által kiváltott állapottól. Most is, mint az előző kettőnél, álmodoztam, és szép jövőbeli képeket hívtam be a tudatomba.","Nagyon érdekes volt az izmokra vonatkozó előadás, úgy éreztem, elég élénken figyelek rá. Nyugodt és jó érzés volt utána csendben ülni, de elég ébernek, élénknek éreztem magam, nem éltem azt át, mint az első három módszernél.",No,,Female,9,9,8,0,6,"Heard/read about it on the internet;Personal experience (seen hypnosis used on someone else, e.g. clinical hypnosis or stage hypnosis);",,hun,8,confusion,whitenoise,confusion,relaxation,embedded,Yes,No,confusion,relaxation,No,No
39,25 - 34,5,Magyarország,control,control,hypnosis,hypnosis,8,4,0,0,4,"Kissé türelmetlen, zaklatott voltam... nehezemre esett most ellazulni, emélyülni. egy kicsit összezavart az is, hogy ellentétes instrkciók voltak (most ez hipnozis vagy sem?... a hanganyag elején az hangzik el hogy nem, majd a szövegh végül mégis erre vezet) - nekem ezen járt a fejem. Kicsit el is álmosodtam, elfáradtam, nem érzem frissnek magam - még. ","nem tudok elmélyülni, gyakorliatilag szinte teljesen éber vagyok - frusztrál hogy székben ülve kell ellazulnom ahol már másfél órát amúgy is ültem... plusz továbbra is zavaró, hogy a folyamat előtt elmondják, ez nem hipnózis, majd az \ébresztés\"" megkezdése előtt felhívják rá a figyelmet hogy akkor  ahipnózisnak vége... már a számolás előtt aktív éber vagyok mert ezek miatt nehéz ellazulni...""","sokkal jobb volt minza eddigiek, könnyebben lazultam, futott a film a fejemben. de hamar elvesztettem az érdeklődésem itt is, és elkalandoztam... visza vissza a jelenbe
","ez volt az eddigi legmélyebb, de sokkal fáradtabb vagyok most ezután",No,,Female,0,0,2,8,2,"Heard/read about it on radio, podcast;",,hun,10,confusion,relaxation,embedded,whitenoise,confusion,Yes,No,whitenoise,embedded,No,No
40,25 - 34,2,Magyarország,control,control,hypnosis,hypnosis,5,5,4,5,5,"Olyan volt, mint mielőtt elalszom. Álom szerű képek voltak a fejemben.","Igazából nem nagyon tudtam elmélyülni, egy pár perc után elkezdtem nagyon unatkozni.","Újra a majdnem elalvós állapotba kerültem, különböző képekkel a fejemben.",Most sem igazán sikerült elmélyülnöm.,No,,Female,6,0,6,2,0,,,hun,10,relaxation,confusion,embedded,relaxation,whitenoise,Yes,Yes,relaxation,confusion,No,No
41,18 - 24,4,Magyarország,hypnosis,hypnosis,control,control,6,6,6,2,2,"Az elején a egy mély megnyugvást éreztem. Ez egész sokáig eltartott, de a végén már vártam, hogy mikor nyithatom ki a szemem. Kezdett zavarni ez a \sok pihenés\"". ""","Úgy érzem ebben az elrendezésben még jobban ellazult és magamra találtam. A testem teljesen lekövette azt, amit a hipnózis vezető mondott. Itt csak az elején volt bennem egy kis ellenállás, hogy nem akarok így maradni még több percig. Haladjunk már. Azonban a végére ez teljesen elszállt. Volt hogy gondolkozram menet közben dolgokon, de most hirtelen nem is tudom visszaidézni, hogy min járt az eszem.","Ez a módszert végig idegesített. Nem nagyon akarództam figyelni. \Felébredés\"" előtt közvetlen kerültem egy nyugalmi állapotbade csak azért mert elkezdtem azon gondolkozni hogy milyen húst vegyek a hentesnél és nem arra gondoltam hogy most nekem ellazulva kell lennem. Szóval el tudtam terelni a figyelmemet.""","Ezt volt számomra a legközömbösebb. Nem is igazán figyeltem arra amit a vezető mondott. Egyáltalán nem kerültem semmilyen hipnotikus állapotba de még annyira nyugodtnak sem éreztem magam. El volt itt , mint a befőtt. Mondta a magáét és meg arra figyeltem, amire én akartam.
",No,,Male,7,9,1,0,2,Heard/read about it on the internet;Other;,Egy jó ismerősöm vett már rajta részt az egyetem keretein belül.,hun,8,relaxation,whitenoise,relaxation,confusion,embedded,Yes,Yes,relaxation,confusion,No,No
42,18 - 24,4,Magyarország,hypnosis,hypnosis,control,control,9,8,8,5,6,"Nagyon ellazultnak és nyugodtnak éreztem magam. Egyre jobban elálmosodtam, szerintem ha tovább benne maradtam volna ebben az állapotban, el is aludtam volna. Olyankor szoktam ennyire nyugodt lenni, amikor pl. strandon fekszem vagy vonaton alszom, amikor van valamilyen hasonló háttérzaj, mint itt az elején. Jó érzés volt.","Az elején nem éreztem magam annyira ellazultnak, mint az előzőnél. Kevésbé tudtam kizárni a gondolataimat, és azon gondolkodtam, mit fogok majd írni. Arra figyeltem, hogy ki kell mennem mosdóba. Aztán egy idő után kezdtem elálmosodni és éreztem, hogy elnehezül a fejem. Jó lett volna, ha kényelmesebb pl a szék, idegesített, hogy nem tudom letenni a fejem, vagy kinyújtani a lábamat. Ez elkezdett kicsit idegesíteni, és azt vártam, mikor lesz már vége. Álmosságot éreztem, de nyugodtságot nem annyira. ","Nem éreztem semmi különöset. Nyugodt voltam az elején, de aztán elkezdtem gondolkodni mindennapi dolgokon, és már el is felejtettem, hogy milyen is volt az instrukció. Már frusztrált, hogy ennyi ideje ülnöm kell és erre az érzésre figyeltem, vártam, hogy vége legyen, kicsit túl hosszúnak is tűnt ez az idő. Ki is nyílt a szemem egy pillanatra. Hamarabb vissza is tértem az éber tudatállapotba, mint kellett volna. Az instrukció sem volt különös hatással, furcsa volt. ","Semmi különöset nem éreztem. Olyan volt, mint mikor elalváshoz készülődök, már lehunytam a szemem, de még gondolkodom, stb és nem tudok olyan könnyen elaludni. Már fáradtnak éreztem magam így az utolsó gyakorlatra. Különös álmosságot vagy nyugodtságot sem éreztem.",No,,Female,10,5,1,0,3,Attended a lecture about hypnosis;Heard/read about it on the internet;,,hun,9,whitenoise,whitenoise,relaxation,confusion,embedded,No,No,relaxation,confusion,No,No
43,45 - 54,5,Magyar,control,hypnosis,control,hypnosis,5,6,4,6,9,"A testem azon részei kezdtek ellazulni, amelyekről a szövegben szó volt valamint elképzeltem az izmaimat amiről szó esett.Teljesen nyugodtnak éreztem magam.","A testem teljesen elnehezedett, szinte nem érzékeltem semmit (talpam alatt a talajt, vagy a széet amiben ülök). Érzékeltem a környezetet, de nem jutottak el hozzám a történések. Teljesen \elpilledtem\""közel voltam az alváshoz.""","Pár pillanatig nyugodtan és ellazultan éreztem magam, aztán türelmetlenül vártam a folytatás, elkezdtem gondlkozni más teendőimen és vártam a folytatást.","A testem teljesen elnehezedett és ellazult állapotban volt, szinte semmit sem érzékeltem belőle. Nagyon nyugodtnak éreztem magam és pár pillanat erejéig el is aludtam:-)",No,,Female,5,9,2,10,5,Heard/read about it on the internet;,,hun,10,whitenoise,embedded,confusion,relaxation,whitenoise,Yes,Yes,whitenoise,relaxation,No,No
44,45 - 54,0,Magyarország,hypnosis,control,hypnosis,control,7,5,5,5,0,"Lelazult állapotban voltam, amit úgy fogalmaznék meg, hogy PUHA volt. halványkék, és rózsaszín felhők között repültem az égen. MAjd tejszínhab és vattacukor jutott eszembe, olyan érzés volt, mintha ezekbe belesüppednék. Aztán ccend lett belül, egy ideig. Majd úgy éreztem fokozatosan újra éber leszek, és csak pihentem, amig újra meg nem hallottam a hangot
","Pihentető volt. Igazából a vége felé úgy éreztem lassan elalszom, kicsit olyan érzés vol, mint amikor félálomba merülök. Ebben a szakaszban érzésem szerint kevésbé voltam éber, mint az előz második felében. Testrészeim lazák voltak","Lebegés érzés. A maszk az arcomon mintha selyemmé változott volna. Előforult többször, hogy a felsőtestemet nem éreztem. Könnyűség érzés volt. És megint majdnem elaludtam, bár most az is felmerült bennem, hogy lehet, hogy el is aludtam. ELvesztettem az időérzékemet. Azt gondolom, hogy sokkal tovább tartott ez az időszak, mint amennyinek éreztem","Nem éreztem semmi különöset. Csendben ültem és pihentem, jól esett a számítógép zúgását hallgatni Gondolataim könnyűek, és simák voltak, lelazult, relxált állapotnak éltem meg",No,,Female,5,1,6,0,1,,,hun,8,embedded,embedded,whitenoise,relaxation,confusion,No,Yes,relaxation,whitenoise,No,No
45,25 - 34,4,magyarország,hypnosis,control,hypnosis,control,8,6,6,8,5,"bizsergést testszerte, elnehezedtek a végtagjaim, a vállam egy kicsit feszült és enyhe fejfájást éreztem
","ellazult állapotba kerültem, de a fejem nyomta a vállamat és nem volt kellemes érzés, néha úgy éreztem dőlök le egy kicsit a székről és ezért tartanom kellett magamat","ellazult állapot, kis szédüléssel néha és majdnem alvás közeli állapot","nagyon kellemes ellazult állapotba kerültem, nyugalmat éreztem és hogy szinte súlytalanul ülök. viszont van egy enyhe fülfájásom már a fülestől és az eeg sapkától a fejemen és az néha kizökkentett az ellazult állapotból.",Yes,"kis fejfájást az elején, ami végül elmúlt, valamint elkezdtem érezni az EEG sapka \súlyát\"" és kicsit nyomta a fejem""",Female,7,7,8,8,5,Heard/read about it on the internet;,,hun,8,relaxation,embedded,confusion,relaxation,whitenoise,No,Yes,embedded,confusion,No,No
46,18 - 24,3,Magyarország,hypnosis,control,control,hypnosis,3,3,0,0,7,"Elkalandoztak a gondolataim, néha-néha elkezdtem egy elképzelt szituációt lejátszani a fejemben, aztán időnként azon kaptam magam, hogy ez félbamaradt és gyakran felkaptam a fejem, olyan volt, mint amikor valaki épp készül elaludni és egy esésérzés után visszatér az éber állapotba. Ez történt meg többször, esésérzések után újra tudtam gondolkozni aztán megint azon kaptam magam, hogy ez félbemaradt valahol valamikor.","Elkalandoztak megint a gondolataim elképzelt szituációkat lejátszva, de mindig tudtam követni, hogy a helyszínek, szereplők, szituációk hogyan kapcsolódnak a valósághoz, vajon most miért gondolkozom ezeken. Illetve sokszor egy gondolatmenet átcsordult egy másikba, de ezt észre tudtam venni, illetve logikai kapcsolatot is fel tudtam fedezni köztük. Voltak aktívabban gondolkozós és elszenderülős pillanataim váltakozva, de nem tapasztaltam egyszer sem esésérzést, hanem mindig kevésbé hirtelen és fokozatos visszakerülést követtem vissza a kósza gondolatokhoz.","Nem különösebben éreztem semmit, annyi különös volt, hogy nem indultak el a gondolataim, nagyrészt csak relaxált voltam és észrevettem, hogy nem gondolkozom semmin és nem is érzem úgy hogy le kéne foglalni az elmém miközben nem folytak a gondolataim.","Nagyon elmélyültem, nem vagyok biztos benne, hogy elaludtam-e. Amikor megint éber voltam tudtam, hogy sok minden átszáguldott a gondolataim között, de nem tudnám felidézni mik voltak azok.",No,,Female,4,1,0,8,4,"Heard/read about it on the internet;Heard/read about it on radio, podcast;",,hun,10,whitenoise,confusion,relaxation,embedded,whitenoise,Yes,No,whitenoise,relaxation,No,No
47,18 - 24,3,Magyarország,hypnosis,hypnosis,control,control,7,8,7,7,3,"Olyan volt , mintha a fejemet tudtam volna irányítani, de a testemet nem. Az irányító hang pontosan tudta, mikor melyik állapotban vagyok és mit csinálok.De teljesen tudatomnál voltam és úgy érzem bármikor ki tudtam volna lépni a helyzetből.","Az elején úgy éreztem kevésbé tudok ellazulni mint az elsőben, de azt hiszem még jobban is sikerült. Eleinte még próbáltam arra gondolni amire, a fehér zaj közben gondoltam, de egy rövid idő múlva már csak ültem. Szinte minha nem is érezném a testem.","Lassabban tudtam belekerülni abba az állapotba, hogy nem gondolok semmire, nem is teljesen sikerült, ezért ez nem volt annyira kikapcsoló mint az előző kettő. Nem tudtam eljutni a holtpontig, de el tudtam lazulni.","Talán jobban ki tudtam kapcsolni mint az előzőben, de itt is tudatomnál volta, sőt előbbkijöttem az állapotból mint , hogy a hang szólt.",No,,Female,9,10,5,4,2,"Heard/read about it on radio, podcast;",,hun,8,whitenoise,confusion,whitenoise,embedded,relaxation,No,Yes,confusion,embedded,No,No
48,18 - 24,1,Hungary,control,control,hypnosis,hypnosis,4,1,2,5,7,"Mind drifting through random thought flashes. No structure, just random blurs of thoughts. As time goes by, the thoughts become less and less exact and \vibrant\","Random train of thougths, totally unrelated. Looking back, it is just a blur, felt kind of like a dream would","In the beginning, the induction imaginary kept replaying, then some other random thoughts came but honestly can barely remember anything, even if it was just a few seconds ago.","Complete blur, relaxed. The best way to describe it would be a lucid dream but in reverse. Instead of being aware/awake in a dream, it feels like a dream within the realm of consiousnes. Subtle difference, but i think there is a clear distinction",No,,Male,2,2,6,8,1,"Heard/read about it on the internet;Heard/read about it on radio, podcast",,eng,8,embedded,confusion,whitenoise,relaxation,embedded,No,No,embedded,confusion,No,No
49,25 - 34,4,Magyarország,hypnosis,control,hypnosis,control,6,3,0,3,0,"Úgy éreztem, mintha aludnék, ugyanakkor érzékeltem a külvilágot történéseit is (lépések a folyosón, gép zúgása). A végtagjaim mintha eltűntek volna. A számat száraznak éreztem.","Nem éreztem, hogy elmélyült állapotba kerültem volna. Olyan volt, mintha \csak\"" csukott szemmel ültem volna egy kivilágított szobában. Továbbra is érzékeltem mindent magam körül.""","Az idő nagy részében azon járt az eszem, vajon honnan ered a \fehér zaj\"" elnevezés. Olyan volt mintha végig esett volna az esővagy csobogott volna egy patak. Pihentetőnek éltem meg ezt az időszakot.""","Enyhe szédülést éreztem, az elmémet pedig üresnek.",Yes,"Fejfájás, szédülés.",Female,3,0,2,0,6,Read scientific literature about hypnosis;Heard/read about it on the internet;,,hun,10,whitenoise,confusion,relaxation,whitenoise,embedded,Yes,Yes,confusion,relaxation,No,No
50,18 - 24,3,Magyarország,control,control,hypnosis,hypnosis,6,5,7,5,7,"Először azt hittem, hogy én irányítom a gondolataimat, de aztán újra meg újra észrevettem, hogy más maguktól, mint egy ping-pong labda mennek ide-oda - hétköznapi gondolatok. Egy zeneszám is eszembe jutott. Onnan ias tudtam, hogy jól el voltam mélyülve, hogy nagyon rosszul esett, mikor megtört a csönd.","A fehérzaj a tenger zúgását idézte bennem, így onnan egy konkrét helyre, az ahhoz kapcsolódó emberekre terelődött a dondolatom, s sodródott - magától. Most mintha még jobban kontrol nélkül történt volna.",Sok kérdés merült fel bennem és jól ki tutdam kapcsolni.,"Nagyon jól kizártam a valóságot, már a szövegt végére se figyeltem, és pár kérdést tudtam tisztázni magamban.",Yes,Nehéz volt ennyi ideig ülni egy helyben.,Female,6,6,7,7,5,,Heard/read about it on the internet;,hun,8,embedded,confusion,whitenoise,relaxation,embedded,Yes,Yes,embedded,whitenoise,No,No
51,18 - 24,2,Magyarorsza'g,control,control,hypnosis,hypnosis,6,6,5,6,7,"Eloszor ellazult allapotban voltam es kellemes erzes volt ebben az  allapotban lenni, kesobb a vegefele mar inkabb kellemetlen volt, es eros fejfajast ereztem.","Nagyjából egy percig ellazult állapotban voltam, azután hirtelen erős fejfájás jött rám. A fejfájás végig megmaradt, bár a végére jelentősen enyhült.","Az elejen euforikus allapot fogott el, ami kesobb enyhult, de az alapveto joerzes megmaradt. A hipnozis masodik feleben elkezdett bizseregni a jobb tenyerem, ami megmaradt a hipnozis vegeig. A hipnozis legeslegeven, amikor kezdtem visszaterni a tudatos allapotba, enyhe fejfajas fogott el.",Az egesz folyamat soran vegig relaxalt es kiegyensulyozott allapotban voltam. Nem tortent ebben az allapotban semmilyen valtozas a hipnozis kozben.,Yes,He had headache during the first and second experimental trials,Male,4,2,7,5,2,Heard/read about it on the internet;,,hun,8,relaxation,embedded,confusion,relaxation,whitenoise,No,Yes,relaxation,confusion,No,No
52,18 - 24,-2,magyarország,control,hypnosis,control,hypnosis,4,0,3,3,2,"kicsit unatkoztam, de kellemesnek is mondhatom az érzést (odakintről behallatszott valami csapkodás, ez nem tudom, mennyiben befolyásolta az élményt, de leírom, hátha számít)","Igazából alvásközeli állapotban voltam, nem nevezném hipnózisnak, de kellemes volt. Mivel a terapeuta légzését hallottam, nem igazán tudtam ellazulni teljesen (zavaró volt, hogy a fülembe liheg).A végén olyan érzésem volt, mintha már hosszú ideje nem aludtam volna, és kicsit el is kezdtem fázni, legalábbis a hátamon hűvösebb érzés fogott el. Ha hosszú ideje ébren vagyok, van, hogy ilyen érzés fog el.","Ugyanazt, mint az előzőben, zavart a terapeuta lihegése, de ellazultam. Hipnózisba nem kerültem, de igazából arra kellett rájönnöm, hogy fogalmam sincs, milyen állapotba kellene kerülnöm pontosan, hogy azt mondhassam itt, hogy „hipnózisban voltam”","Nem vagyok benne biztos (most már), de nem emlékszem, hogy be kellett volna csuknom a szemem. Mindenesetre (valószínűleg emiatt) nem kerültem kevésbé éber állapotba, teljesen jelen voltam a történet meghallgatása közben, habár a figyelmem lankadt némileg (de ez valószínűleg az unalomból fakadt).",Yes,,Male,1,3,0,0,5,Other;,ismerőseimet hipnotizálták már,hun,3,relaxation,whitenoise,relaxation,confusion,embedded,Yes,Yes,relaxation,whitenoise,No,No
